대륙,국적,성별,총합계,사증면제,관광통과,일시취재,단기방문,단기취업,문화예술,유학,기술연수,일반연수,취재,종교,주재,기업투자,무역경영,구직,교수,회화,연구,기술지도,전문직업,예술흥행,특정활동,계절근로,비전문취업,선원취업,방문동거,거주,동반,재외동포,영주,결혼이민,기타,관광취업,방문취업,관광상륙,조건부입국허가,기타
총합계,총계,총계,"1,986,213","171,993","50,842",20,"104,962","2,951",34,"109,796","1,697","50,261",115,"1,282","1,081","5,694","2,118","8,399","2,168","12,741","3,251",198,305,"3,146","19,943",152,"220,605","17,252","97,483","43,217","20,147","471,114","163,958","134,309","31,577",530,"141,898",250,1,"90,723"
아시아주,총계,총계,"1,703,762","158,887","25,033",17,"101,714","1,937",21,"101,136","1,695","47,428",75,812,689,"4,236","1,061","7,539",907,435,"2,762",36,70,"2,230","16,214",152,"220,495","17,252","90,085","40,590","14,486","377,506","159,525","122,206","22,175",223,"140,771",230,1,"23,131"
아시아주,한국계중국인,총계,"622,935",,36,1,"4,071",,2,896,220,55,1,1,8,46,1,8,2,,4,,,1,12,,582,1,"17,742","11,605",46,"353,267","97,836","17,239",261,,"116,174",,,"2,817"
아시아주,한국계중국인,남성,"326,764",,19,,"2,416",,,374,136,29,1,1,7,28,,2,1,,2,,,1,9,,331,1,"8,006","5,594",17,"177,956","52,625","6,976",189,,"70,082",,,"1,961"
아시아주,한국계중국인,여성,"296,171",,17,1,"1,655",,2,522,84,26,,,1,18,1,6,1,,2,,,,3,,251,,"9,736","6,011",29,"175,311","45,211","10,263",72,,"46,092",,,856
아시아주,중국,총계,"238,591",,"18,010",,"39,293",548,8,"43,509",531,"5,169",25,34,260,989,188,"2,202",182,262,288,,,110,"7,847",,"1,731","2,109","28,711","16,448","1,170",,"34,737","23,928","3,439",,"4,686",199,,"1,978"
아시아주,중국,남성,"111,008",,"11,754",,"26,909",530,4,"16,840",363,"2,528",12,10,198,780,166,908,82,21,204,,,43,"5,278",,"1,524","2,109","11,467","6,196",352,,"11,900","4,525","2,267",,"2,978",116,,944
아시아주,중국,여성,"127,583",,"6,256",,"12,384",18,4,"26,669",168,"2,641",13,24,62,209,22,"1,294",100,241,84,,,67,"2,569",,207,,"17,244","10,252",818,,"22,837","19,403","1,172",,"1,708",83,,"1,034"
아시아주,베트남,총계,"209,121",77,891,1,"24,666",137,,"27,922",166,"32,916",1,165,6,48,16,"2,104",57,6,326,1,,15,"2,817",,"28,530","8,381","24,482","3,199","1,558",,"2,070","41,159",919,,,1,,"6,484"
아시아주,베트남,남성,"106,119",52,622,1,"17,220",106,,"12,368",78,"19,079",1,40,6,36,10,899,40,,211,1,,12,"2,532",,"25,999","8,380","8,798","1,273",462,,452,"3,318",657,,,1,,"3,465"
아시아주,베트남,여성,"103,002",25,269,,"7,446",31,,"15,554",88,"13,837",,125,,12,6,"1,205",17,6,115,,,3,285,,"2,531",1,"15,684","1,926","1,096",,"1,618","37,841",262,,,,,"3,019"
아시아주,타이,총계,"175,547","144,046",89,,934,31,,379,24,258,,13,4,107,20,44,9,1,14,1,2,23,409,,"21,179",,377,162,162,7,638,"5,521",630,,,1,,462
아시아주,타이,남성,"84,887","65,348",41,,58,29,,90,15,45,,12,3,64,13,6,5,,6,1,2,8,307,,"18,189",,93,53,44,2,15,107,108,,,,,223
아시아주,타이,여성,"90,660","78,698",48,,876,2,,289,9,213,,1,1,43,7,38,4,1,8,,,15,102,,"2,990",,284,109,118,5,623,"5,414",522,,,1,,239
아시아주,우즈베키스탄,총계,"64,656",3,196,,"2,499",3,1,"7,654",102,"2,128",,1,4,49,39,477,12,,14,,,23,307,152,"9,856",,"6,799",815,639,"15,095","1,519","1,834",641,,"13,011",,,783
아시아주,우즈베키스탄,남성,"42,724",2,183,,"2,211",2,,"6,649",100,"2,005",,1,4,44,31,393,10,,13,,,19,293,152,"9,706",,"3,302",467,259,"7,653",433,153,591,,"7,440",,,608
아시아주,우즈베키스탄,여성,"21,932",1,13,,288,1,1,"1,005",2,123,,,,5,8,84,2,,1,,,4,14,,150,,"3,497",348,380,"7,442","1,086","1,681",50,,"5,571",,,175
아시아주,필리핀,총계,"48,162",4,839,,"6,501",111,1,371,193,128,,168,22,19,42,74,64,,43,1,7,"1,608",412,,"20,011",15,"2,467",578,401,13,700,"11,206",561,,,2,1,"1,599"
아시아주,필리핀,남성,"25,310",3,619,,"3,494",101,,179,126,57,,80,21,15,38,14,24,,19,1,7,142,299,,"17,955",14,411,207,111,6,57,470,284,,,1,1,554
아시아주,필리핀,여성,"22,852",1,220,,"3,007",10,1,192,67,71,,88,1,4,4,60,40,,24,,,"1,466",113,,"2,056",1,"2,056",371,290,7,643,"10,736",277,,,1,,"1,045"
아시아주,캄보디아,총계,"40,830",55,70,,204,20,,319,1,104,,4,,12,2,14,2,,10,,,,116,,"32,824",,"1,711",218,27,6,97,"4,454",70,,,,,490
아시아주,캄보디아,남성,"27,540",40,55,,101,7,,176,1,59,,4,,9,2,7,2,,9,,,,100,,"25,390",,607,62,7,5,16,502,33,,,,,346
아시아주,캄보디아,여성,"13,290",15,15,,103,13,,143,,45,,,,3,,7,,,1,,,,16,,"7,434",,"1,104",156,20,1,81,"3,952",37,,,,,144
아시아주,몽골,총계,"40,062",272,573,8,"14,502",15,,"5,959",26,"2,201",,24,14,66,127,"1,319",9,,33,,,99,206,,"4,617",,"1,121",896,"3,222",,698,"1,868",811,,,,,"1,376"
아시아주,몽골,남성,"19,138",156,284,5,"6,922",11,,"1,986",22,994,,20,6,37,28,390,6,,11,,,72,115,,"3,979",,430,341,"1,913",,92,173,411,,,,,734
아시아주,몽골,여성,"20,924",116,289,3,"7,580",4,,"3,973",4,"1,207",,4,8,29,99,929,3,,22,,,27,91,,638,,691,555,"1,309",,606,"1,695",400,,,,,642
아시아주,네팔,총계,"37,217",,298,,725,33,,"2,542",18,223,,77,,60,29,141,18,,91,,,,802,,"28,745",,235,326,471,,138,715,495,,,,,"1,035"
아시아주,네팔,남성,"32,664",,284,,589,27,,"1,683",16,135,,60,,55,25,94,16,,80,,,,793,,"26,993",,70,177,129,,78,154,372,,,,,834
아시아주,네팔,여성,"4,553",,14,,136,6,,859,2,88,,17,,5,4,47,2,,11,,,,9,,"1,752",,165,149,342,,60,561,123,,,,,201
아시아주,인도네시아,총계,"34,899",,361,,"2,076",4,,"1,405",76,256,,60,13,15,8,111,21,3,46,2,6,30,216,,"21,998","5,921",110,152,377,211,195,856,96,,,14,,260
아시아주,인도네시아,남성,"30,734",,304,,"1,433",4,,583,55,80,,15,10,10,7,33,15,,30,2,6,2,140,,"21,348","5,920",28,62,119,176,25,99,73,,,5,,150
아시아주,인도네시아,여성,"4,165",,57,,643,,,822,21,176,,45,3,5,1,78,6,3,16,,,28,76,,650,1,82,90,258,35,170,757,23,,,9,,110
아시아주,카자흐스탄,총계,"30,104","8,318",3,,232,1,,647,6,124,1,,,9,4,60,4,1,6,,,6,54,,38,,"4,061",97,63,"6,449",149,371,"3,413",,"5,728",,,259
아시아주,카자흐스탄,남성,"17,199","5,601",2,,127,,,204,6,41,1,,,7,4,18,,,4,,,3,28,,34,,"1,862",34,23,"3,399",41,24,"2,172",,"3,411",,,153
아시아주,카자흐스탄,여성,"12,905","2,717",1,,105,1,,443,,83,,,,2,,42,4,1,2,,,3,26,,4,,"2,199",63,40,"3,050",108,347,"1,241",,"2,317",,,106
아시아주,일본,총계,"27,764",25,"1,830",,198,779,4,"1,457",,"1,826",41,42,179,"1,685",126,84,77,144,203,10,9,212,356,,,,285,496,"1,111",695,"7,499","7,653",8,95,,1,,634
아시아주,일본,남성,"7,294",16,849,,151,760,3,251,,188,39,23,161,"1,641",121,15,47,27,193,10,9,72,198,,,,105,150,299,171,689,803,4,11,,,,288
아시아주,일본,여성,"20,470",9,981,,47,19,1,"1,206",,"1,638",2,19,18,44,5,69,30,117,10,,,140,158,,,,180,346,812,524,"6,810","6,850",4,84,,1,,346
아시아주,미얀마,총계,"25,302",,265,,767,1,,737,33,346,,72,,4,1,134,3,,15,,,1,48,,"20,747",803,43,345,41,,26,238,484,,,,,148
아시아주,미얀마,남성,"23,846",,264,,699,1,,239,33,140,,24,,4,1,58,2,,5,,,1,30,,"20,745",803,15,179,14,,8,51,429,,,,,101
아시아주,미얀마,여성,"1,456",,1,,68,,,498,,206,,48,,,,76,1,,10,,,,18,,2,,28,166,27,,18,187,55,,,,,47
아시아주,스리랑카,총계,"20,422",,213,,587,9,,243,30,126,,35,,15,3,34,1,,15,1,,,298,,"16,709",21,70,84,162,,45,329,447,,,,,945
아시아주,스리랑카,남성,"19,628",,211,,514,9,,127,23,67,,34,,13,3,18,1,,15,1,,,289,,"16,554",21,29,63,61,,31,270,381,,,,,893
아시아주,스리랑카,여성,794,,2,,73,,,116,7,59,,1,,2,,16,,,,,,,9,,155,,41,21,101,,14,59,66,,,,,52
아시아주,타이완,총계,"19,125",5,626,1,126,52,2,563,,338,3,12,11,67,20,74,12,6,14,4,29,23,181,,,,278,"3,093",94,72,"11,965","1,245",1,111,,2,,95
아시아주,타이완,남성,"9,321",2,310,,86,48,1,73,,34,2,1,5,40,20,8,6,,12,3,29,6,40,,,,142,"1,714",17,22,"6,542",110,,7,,2,,39
아시아주,타이완,여성,"9,804",3,316,1,40,4,1,490,,304,1,11,6,27,,66,6,6,2,1,,17,141,,,,136,"1,379",77,50,"5,423","1,135",1,104,,,,56
아시아주,방글라데시,총계,"16,438","2,501",25,,305,3,,"1,286",158,52,,13,6,38,15,109,14,,110,,1,1,451,,"7,469",,233,610,581,,132,307,757,,,,,"1,261"
아시아주,방글라데시,남성,"15,095","2,474",24,,254,2,,"1,097",157,46,,12,6,36,15,92,13,,95,,1,1,446,,"7,436",,70,434,154,,110,214,716,,,,,"1,190"
아시아주,방글라데시,여성,"1,343",27,1,,51,1,,189,1,6,,1,,2,,17,1,,15,,,,5,,33,,163,176,427,,22,93,41,,,,,71
아시아주,파키스탄,총계,"12,877","1,464",14,4,525,33,,"1,504",59,51,1,14,4,321,97,205,52,1,191,,,,256,,"2,382",,120,334,"1,091",,257,841,"2,165",,,,,891
아시아주,파키스탄,남성,"11,200","1,438",14,4,477,33,,"1,280",59,36,1,10,4,317,97,184,47,1,168,,,,243,,"2,382",,66,215,356,,218,688,"2,069",,,,,793
아시아주,파키스탄,여성,"1,677",26,,,48,,,224,,15,,4,,4,,21,5,,23,,,,13,,,,54,119,735,,39,153,96,,,,,98
아시아주,인도,총계,"11,004",1,75,2,"1,077",64,2,"1,262",5,153,,54,112,177,114,91,302,,"1,174",5,3,9,886,,12,,69,389,"1,770",2,293,194,"2,369",,,,,338
아시아주,인도,남성,"8,189",1,59,2,"1,014",64,2,839,5,94,,40,106,168,113,59,269,,"1,003",5,3,7,827,,12,,28,177,460,2,230,145,"2,207",,,,,248
아시아주,인도,여성,"2,815",,16,,63,,,423,,59,,14,6,9,1,32,33,,171,,,2,59,,,,41,212,"1,310",,63,49,162,,,,,90
아시아주,키르기즈,총계,"5,688",,4,,375,2,,244,,98,,,,44,13,36,,,,,,18,43,,757,1,807,89,145,"1,209",134,371,198,,981,,,119
아시아주,키르기즈,남성,"3,241",,4,,294,,,98,,50,,,,43,12,10,,,,,,5,27,,726,1,370,35,60,631,19,28,161,,600,,,67
아시아주,키르기즈,여성,"2,447",,,,81,2,,146,,48,,,,1,1,26,,,,,,13,16,,31,,437,54,85,578,115,343,37,,381,,,52
아시아주,말레이시아,총계,"5,073","1,598",2,,21,22,1,622,,141,,4,9,34,55,51,7,,23,8,8,3,136,,,,20,84,103,3,102,203,"1,701",,,,,112
아시아주,말레이시아,남성,"3,136","1,214",2,,15,18,,202,,42,,2,8,24,51,8,3,,15,8,8,2,73,,,,6,31,35,,15,44,"1,251",,,,,59
아시아주,말레이시아,여성,"1,937",384,,,6,4,1,420,,99,,2,1,10,4,43,4,,8,,,1,63,,,,14,53,68,3,87,159,450,,,,,53
아시아주,홍콩,총계,"2,303",8,378,,34,1,,382,,241,,9,8,47,5,74,12,,2,,,9,108,,,,33,174,65,18,126,528,,16,,8,,17
아시아주,홍콩,남성,660,3,214,,20,1,,60,,34,,4,3,28,4,8,11,,2,,,4,36,,,,7,59,33,9,38,67,,1,,8,,6
아시아주,홍콩,여성,"1,643",5,164,,14,,,322,,207,,5,5,19,1,66,1,,,,,5,72,,,,26,115,32,9,88,461,,15,,,,11
아시아주,티모르민주공화국,총계,"2,127",,,,,,,18,,3,,2,,,,2,,,1,,,,2,,"2,022",,1,,,,,,,,,,,76
아시아주,티모르민주공화국,남성,"2,068",,,,,,,8,,2,,1,,,,,,,1,,,,1,,"1,989",,,,,,,,,,,,,66
아시아주,티모르민주공화국,여성,59,,,,,,,10,,1,,1,,,,2,,,,,,,1,,33,,1,,,,,,,,,,,10
아시아주,터키,총계,"1,947",416,3,,20,8,,273,,87,,3,7,19,16,21,11,7,17,,,9,66,,,,22,79,82,1,14,262,411,,,,,93
아시아주,터키,남성,"1,266",378,2,,19,7,,78,,12,,3,5,19,14,13,9,5,11,,,3,46,,,,12,35,23,,13,111,388,,,,,60
아시아주,터키,여성,681,38,1,,1,1,,195,,75,,,2,,2,8,2,2,6,,,6,20,,,,10,44,59,1,1,151,23,,,,,33
아시아주,이란,총계,"1,848",4,103,,583,1,,285,,64,,,1,4,7,14,19,1,96,,,3,42,,28,,24,108,143,6,44,117,73,,,,,78
아시아주,이란,남성,"1,295",3,101,,567,,,113,,13,,,1,4,7,4,12,1,70,,,1,33,,28,,13,63,38,1,37,81,57,,,,,47
아시아주,이란,여성,553,1,2,,16,1,,172,,51,,,,,,10,7,,26,,,2,9,,,,11,45,105,5,7,36,16,,,,,31
아시아주,시리아,총계,"1,549",,10,,12,1,,9,,1,,,,54,6,1,2,,4,,,,,,,,5,24,173,,9,16,"1,207",,,,,15
아시아주,시리아,남성,"1,079",,10,,11,1,,5,,1,,,,54,6,1,2,,3,,,,,,,,2,16,75,,6,13,863,,,,,10
아시아주,시리아,여성,470,,,,1,,,4,,,,,,,,,,,1,,,,,,,,3,8,98,,3,3,344,,,,,5
아시아주,라오스,총계,"1,527",,18,,451,6,,94,,25,,3,,,,5,,,2,,,15,4,,257,,61,8,8,1,36,497,3,,,,,33
아시아주,라오스,남성,561,,8,,201,6,,42,,12,,1,,,,1,,,2,,,14,2,,238,,12,1,3,1,,1,,,,,,16
아시아주,라오스,여성,966,,10,,250,,,52,,13,,2,,,,4,,,,,,1,2,,19,,49,7,5,,36,496,3,,,,,17
아시아주,타지키스탄,총계,"1,158",,5,,480,,,90,,46,,,,16,10,16,,,1,,,,13,,,,95,22,52,170,2,8,20,,89,,,23
아시아주,타지키스탄,남성,885,,5,,468,,,69,,32,,,,14,10,14,,,1,,,,13,,,,46,13,21,86,2,2,19,,58,,,12
아시아주,타지키스탄,여성,273,,,,12,,,21,,14,,,,2,,2,,,,,,,,,,,49,9,31,84,,6,1,,31,,,11
아시아주,예멘공화국,총계,"1,056",,7,,4,,,22,,9,,,,24,16,6,2,,2,,,,3,,,,8,52,117,,2,14,754,,,,,14
아시아주,예멘공화국,남성,854,,6,,3,,,18,,5,,,,24,16,3,2,,2,,,,1,,,,2,38,47,,2,11,662,,,,,12
아시아주,예멘공화국,여성,202,,1,,1,,,4,,4,,,,,,3,,,,,,,2,,,,6,14,70,,,3,92,,,,,2
아시아주,싱가포르,총계,835,65,,,38,15,,66,,55,2,1,11,48,15,3,6,,5,1,,3,72,,,,7,36,58,112,31,135,,,,1,,49
아시아주,싱가포르,남성,377,35,,,26,14,,18,,13,,,8,33,13,1,6,,3,1,,2,38,,,,2,12,17,55,7,51,,,,,,22
아시아주,싱가포르,여성,458,30,,,12,1,,48,,42,2,1,3,15,2,2,,,2,,,1,34,,,,5,24,41,57,24,84,,,,1,,27
아시아주,사우디아라비아,총계,802,,16,,10,1,,75,47,100,,,,45,2,2,,,1,,1,,12,,,,3,1,237,6,,5,7,,,,,231
아시아주,사우디아라비아,남성,507,,10,,8,,,49,47,85,,,,45,2,1,,,1,,1,,9,,,,3,1,98,1,,4,3,,,,,139
아시아주,사우디아라비아,여성,295,,6,,2,1,,26,,15,,,,,,1,,,,,,,3,,,,,,139,5,,1,4,,,,,92
아시아주,이라크,총계,466,,3,,126,,,33,,10,,,,28,15,,,1,1,,,1,4,,1,,5,16,78,,1,9,69,,,,,65
아시아주,이라크,남성,327,,3,,121,,,18,,7,,,,27,15,,,,1,,,1,2,,1,,2,10,27,,1,4,54,,,,,33
아시아주,이라크,여성,139,,,,5,,,15,,3,,,,1,,,,1,,,,,2,,,,3,6,51,,,5,15,,,,,32
아시아주,투르크메니스탄,총계,464,,,,50,,,35,,7,,,,,,6,,,,,,,4,,,,69,4,3,152,1,7,,,102,,,24
아시아주,투르크메니스탄,남성,263,,,,47,,,23,,2,,,,,,2,,,,,,,2,,,,34,2,2,78,1,1,,,60,,,9
아시아주,투르크메니스탄,여성,201,,,,3,,,12,,5,,,,,,4,,,,,,,2,,,,35,2,1,74,,6,,,42,,,15
아시아주,요르단,총계,455,,1,,71,,,39,,7,,,,77,34,3,2,2,8,,,,3,,,,,15,127,,6,12,21,,,,,27
아시아주,요르단,남성,312,,1,,61,,,23,,2,,,,77,34,2,1,1,7,,,,2,,,,,9,38,,5,9,20,,,,,20
아시아주,요르단,여성,143,,,,10,,,16,,5,,,,,,1,1,1,1,,,,1,,,,,6,89,,1,3,1,,,,,7
아시아주,아프가니스탄,총계,408,,8,,56,,,53,,20,,,,43,4,3,,,,,,1,4,,,,3,15,64,,3,7,68,,,,,56
아시아주,아프가니스탄,남성,320,,7,,55,,,48,,12,,,,43,4,3,,,,,,1,4,,,,2,8,27,,3,7,63,,,,,33
아시아주,아프가니스탄,여성,88,,1,,1,,,5,,8,,,,,,,,,,,,,,,,,1,7,37,,,,5,,,,,23
아시아주,아랍에미리트연합,총계,292,5,6,,67,,,48,,6,,,1,,4,1,,,,,,,,,,,,,8,,,,53,,,,,93
아시아주,아랍에미리트연합,남성,178,5,4,,45,,,28,,6,,,1,,3,,,,,,,,,,,,,,3,,,,28,,,,,55
아시아주,아랍에미리트연합,여성,114,,2,,22,,,20,,,,,,,1,1,,,,,,,,,,,,,5,,,,25,,,,,38
아시아주,이스라엘,총계,220,19,,,5,33,,13,,18,,1,4,11,4,1,3,,,,,4,3,,,,2,6,20,3,5,23,2,1,,,,39
아시아주,이스라엘,남성,127,15,,,3,32,,4,,2,,1,4,10,4,1,3,,,,,,2,,,,,3,5,1,4,13,,,,,,20
아시아주,이스라엘,여성,93,4,,,2,1,,9,,16,,,,1,,,,,,,,4,1,,,,2,3,15,2,1,10,2,1,,,,19
아시아주,마카오,총계,109,1,25,,1,,,27,,10,,,,3,,4,,,,,,1,14,,,,3,1,,,5,13,1,,,,,
아시아주,마카오,남성,37,1,16,,1,,,3,,,,,,2,,,,,,,,1,10,,,,1,,,,1,1,,,,,,
아시아주,마카오,여성,72,,9,,,,,24,,10,,,,1,,4,,,,,,,4,,,,2,1,,,4,12,1,,,,,
아시아주,팔레스타인,총계,61,,,,5,1,,9,,3,,,,10,2,1,1,,1,,,,,,,,,4,6,,6,2,9,,,,,1
아시아주,팔레스타인,남성,50,,,,4,1,,7,,1,,,,10,2,1,1,,1,,,,,,,,,2,5,,5,2,7,,,,,1
아시아주,팔레스타인,여성,11,,,,1,,,2,,2,,,,,,,,,,,,,,,,,,2,1,,1,,2,,,,,
아시아주,브루나이,총계,59,,1,,2,,,10,,3,,,1,,,1,,,,,3,,1,,,,2,,,2,,1,,,,,,32
아시아주,브루나이,남성,24,,1,,1,,,,,1,,,,,,,,,,,3,,,,,,2,,,,,,,,,,,16
아시아주,브루나이,여성,35,,,,1,,,10,,2,,,1,,,1,,,,,,,1,,,,,,,2,,1,,,,,,16
아시아주,쿠웨이트,총계,49,,4,,3,,,2,,2,,,2,,,,,,,,,,,,,,,1,3,1,,2,4,,,,,25
아시아주,쿠웨이트,남성,26,,2,,1,,,1,,,,,2,,,,,,,,,,,,,,,,1,,,1,2,,,,,16
아시아주,쿠웨이트,여성,23,,2,,2,,,1,,2,,,,,,,,,,,,,,,,,,1,2,1,,1,2,,,,,9
아시아주,레바논,총계,44,,,,3,1,,4,,4,,,,1,,1,,,1,1,,,4,,,,1,,2,,1,6,1,,,,,13
아시아주,레바논,남성,28,,,,2,1,,3,,1,,,,1,,1,,,,1,,,3,,,,1,,1,,,4,1,,,,,8
아시아주,레바논,여성,16,,,,1,,,1,,3,,,,,,,,,1,,,,1,,,,,,1,,1,2,,,,,,5
아시아주,오만,총계,40,,2,,2,,,5,,5,,,,,,1,,,,,,,,,,,,,2,,,,4,,,,,19
아시아주,오만,남성,17,,1,,,,,2,,1,,,,,,,,,,,,,,,,,,,,,,,1,,,,,12
아시아주,오만,여성,23,,1,,2,,,3,,4,,,,,,1,,,,,,,,,,,,,2,,,,3,,,,,7
아시아주,키프로스,총계,34,,10,,2,1,,2,,,,,1,,1,,,,,1,1,2,1,,,,,4,2,1,3,1,,,,,,1
아시아주,키프로스,남성,24,,10,,2,1,,,,,,,1,,1,,,,,1,1,2,1,,,,,2,1,,1,,,,,,,
아시아주,키프로스,여성,10,,,,,,,2,,,,,,,,,,,,,,,,,,,,2,1,1,2,1,,,,,,1
아시아주,카타르,총계,28,,3,,,,,4,,1,,,1,,,,,,,,,,,,,,,,1,,,,2,,,,,16
아시아주,카타르,남성,19,,2,,,,,2,,,,,1,,,,,,,,,,,,,,,,1,,,,2,,,,,11
아시아주,카타르,여성,9,,1,,,,,2,,1,,,,,,,,,,,,,,,,,,,,,,,,,,,,5
아시아주,부탄,총계,28,,,,1,,,8,,5,,,,1,,,1,,,,,,1,,,,,,1,,,6,,,,,,4
아시아주,부탄,남성,11,,,,1,,,4,,,,,,1,,,1,,,,,,1,,,,,,,,,1,,,,,,2
아시아주,부탄,여성,17,,,,,,,4,,5,,,,,,,,,,,,,,,,,,,1,,,5,,,,,,2
아시아주,홍콩거주난민,총계,15,,10,,3,,,,,,,,,,,,,,,,,,,,,,,,,1,,1,,,,,,
아시아주,홍콩거주난민,남성,7,,5,,2,,,,,,,,,,,,,,,,,,,,,,,,,,,,,,,,,
아시아주,홍콩거주난민,여성,8,,5,,1,,,,,,,,,,,,,,,,,,,,,,,,,1,,1,,,,,,
아시아주,바레인,총계,14,,,,,,,5,,3,,,,,,,,,,,,,,,,,,,,3,,1,,,,1,,1
아시아주,바레인,남성,4,,,,,,,,,1,,,,,,,,,,,,,,,,,,,,1,,,,,,1,,1
아시아주,바레인,여성,10,,,,,,,5,,2,,,,,,,,,,,,,,,,,,,,2,,1,,,,,,
아시아주,몰디브,총계,7,,,,1,,,4,,,,,,,,1,,,,,,,,,,,,,,,,1,,,,,,
아시아주,몰디브,남성,4,,,,1,,,1,,,,,,,,1,,,,,,,,,,,,,,,,1,,,,,,
아시아주,몰디브,여성,3,,,,,,,3,,,,,,,,,,,,,,,,,,,,,,,,,,,,,,
북아메리카주,총계,총계,"170,003",460,"23,461",1,352,137,6,917,,423,18,252,209,349,87,181,696,"8,456",71,90,51,146,"1,760",,,,"1,238",878,"1,873","58,830","1,923","4,875",35,27,,3,,"62,198"
북아메리카주,미국,총계,"148,211",393,"21,916",1,205,98,5,846,,362,17,246,199,298,78,159,542,"7,213",62,57,29,127,"1,479",,,,"1,135",767,"1,697","43,096","1,312","3,813",32,21,,2,,"62,004"
북아메리카주,미국,남성,"86,200",192,"10,874",1,123,87,4,289,,153,12,153,184,257,70,80,429,"2,523",52,57,28,88,895,,,,753,448,726,"18,863",909,"2,677",20,6,,1,,"45,246"
북아메리카주,미국,여성,"62,010",201,"11,042",,82,11,1,557,,209,5,93,15,41,8,79,113,"4,690",10,,1,39,584,,,,382,319,971,"24,233",403,"1,136",12,15,,1,,"16,757"
북아메리카주,미국,제3의성,1,,,,,,,,,,,,,,,,,,,,,,,,,,,,,,,,,,,,,1
북아메리카주,캐나다,총계,"21,792",67,"1,545",,147,39,1,71,,61,1,6,10,51,9,22,154,"1,243",9,33,22,19,281,,,,103,111,176,"15,734",611,"1,062",3,6,,1,,194
북아메리카주,캐나다,남성,"10,262",35,747,,76,31,,29,,25,,5,10,44,9,14,116,590,9,33,22,12,169,,,,75,78,77,"6,644",471,842,3,4,,,,92
북아메리카주,캐나다,여성,"11,530",32,798,,71,8,1,42,,36,1,1,,7,,8,38,653,,,,7,112,,,,28,33,99,"9,090",140,220,,2,,1,,102
남아메리카주,총계,총계,"5,828","1,030",258,,314,36,1,731,1,297,,43,5,20,19,66,20,8,41,7,48,122,197,,12,,170,149,226,274,69,848,95,12,2,6,,701
남아메리카주,브라질,총계,"1,458",250,45,,96,19,,134,,67,,5,2,11,7,13,8,1,9,3,14,78,45,,,,57,34,102,116,20,219,17,,,,,86
남아메리카주,브라질,남성,704,130,23,,41,9,,55,,22,,2,1,9,7,8,2,,8,3,14,57,32,,,,22,24,24,63,8,86,6,,,,,48
남아메리카주,브라질,여성,754,120,22,,55,10,,79,,45,,3,1,2,,5,6,1,1,,,21,13,,,,35,10,78,53,12,133,11,,,,,38
남아메리카주,멕시코,총계,944,241,1,,2,3,,152,,64,,16,2,3,2,9,6,2,11,1,13,5,52,,,,15,23,21,19,8,176,4,,,4,,89
남아메리카주,멕시코,남성,427,127,1,,1,,,49,,22,,15,2,3,1,3,4,1,7,1,13,2,42,,,,3,15,5,12,2,58,3,,,1,,34
남아메리카주,멕시코,여성,517,114,,,1,3,,103,,42,,1,,,1,6,2,1,4,,,3,10,,,,12,8,16,7,6,118,1,,,3,,55
남아메리카주,페루,총계,707,304,2,,3,,,56,,18,,4,,2,3,6,,1,2,,1,2,13,,10,,15,11,17,,8,116,11,,,,,102
남아메리카주,페루,남성,363,195,,,2,,,19,,6,,,,2,3,1,,,2,,1,2,6,,6,,8,4,7,,5,35,7,,,,,52
남아메리카주,페루,여성,344,109,2,,1,,,37,,12,,4,,,,5,,1,,,,,7,,4,,7,7,10,,3,81,4,,,,,50
남아메리카주,콜롬비아,총계,472,43,,,1,,,71,,42,,7,,,1,8,1,1,3,,2,6,17,,,,1,24,17,,8,90,9,,,,,120
남아메리카주,콜롬비아,남성,198,21,,,1,,,29,,15,,,,,1,5,1,1,3,,2,4,9,,,,,12,3,,3,30,3,,,,,55
남아메리카주,콜롬비아,여성,274,22,,,,,,42,,27,,7,,,,3,,,,,,2,8,,,,1,12,14,,5,60,6,,,,,65
남아메리카주,아르헨티나,총계,431,10,119,,71,12,,15,,3,,3,,,1,,1,,2,,2,8,5,,,,27,7,8,68,5,38,8,1,2,,,15
남아메리카주,아르헨티나,남성,233,5,65,,34,9,,3,,1,,1,,,1,,,,1,,2,4,5,,,,16,4,3,47,2,12,8,1,1,,,8
남아메리카주,아르헨티나,여성,198,5,54,,37,3,,12,,2,,2,,,,,1,,1,,,4,,,,,11,3,5,21,3,26,,,1,,,7
남아메리카주,에콰도르,총계,282,2,17,,23,1,1,80,,22,,,,,1,8,,,1,1,5,2,7,,,,6,5,13,4,1,30,4,,,,,48
남아메리카주,에콰도르,남성,134,1,10,,11,1,1,39,,6,,,,,,3,,,1,1,5,2,2,,,,1,1,3,3,,11,3,,,,,29
남아메리카주,에콰도르,여성,148,1,7,,12,,,41,,16,,,,,1,5,,,,,,,5,,,,5,4,10,1,1,19,1,,,,,19
남아메리카주,칠레,총계,233,37,9,,7,,,21,,27,,3,,1,,4,,,3,,1,2,13,,,,2,4,12,6,3,28,3,11,,,,36
남아메리카주,칠레,남성,96,21,8,,4,,,8,,5,,2,,1,,,,,3,,1,1,8,,,,1,4,1,3,2,8,,3,,,,12
남아메리카주,칠레,여성,137,16,1,,3,,,13,,22,,1,,,,4,,,,,,1,5,,,,1,,11,3,1,20,3,8,,,,24
남아메리카주,베네수엘라,총계,208,38,1,,1,,,19,,5,,1,,1,2,2,,3,2,,4,6,14,,,,7,4,15,7,,24,9,,,,,43
남아메리카주,베네수엘라,남성,91,14,1,,1,,,8,,3,,1,,1,2,,,1,1,,4,6,4,,,,2,3,5,6,,4,5,,,,,19
남아메리카주,베네수엘라,여성,117,24,,,,,,11,,2,,,,,,2,,2,1,,,,10,,,,5,1,10,1,,20,4,,,,,24
남아메리카주,파라과이,총계,207,,31,,69,,,30,,6,,1,,,,2,1,,,,,2,1,,,,9,,,24,3,21,,,,,,7
남아메리카주,파라과이,남성,87,,14,,33,,,9,,2,,,,,,1,,,,,,2,1,,,,6,,,11,,4,,,,,,4
남아메리카주,파라과이,여성,120,,17,,36,,,21,,4,,1,,,,1,1,,,,,,,,,,3,,,13,3,17,,,,,,3
남아메리카주,과테말라,총계,116,18,8,,14,,,16,,5,,,,,,,1,,4,,,,4,,,,5,8,2,,4,11,,,,1,,15
남아메리카주,과테말라,남성,59,15,3,,7,,,7,,3,,,,,,,1,,3,,,,3,,,,4,5,1,,1,1,,,,,,5
남아메리카주,과테말라,여성,57,3,5,,7,,,9,,2,,,,,,,,,1,,,,1,,,,1,3,1,,3,10,,,,1,,10
남아메리카주,도미니카공화국,총계,85,14,,,3,,,24,1,7,,,,,,2,,,,,,2,5,,1,,1,3,1,,1,5,,,,,,15
남아메리카주,도미니카공화국,남성,43,9,,,3,,,11,,3,,,,,,1,,,,,,2,2,,1,,1,1,,,,3,,,,,,6
남아메리카주,도미니카공화국,여성,42,5,,,,,,13,1,4,,,,,,1,,,,,,,3,,,,,2,1,,1,2,,,,,,9
남아메리카주,볼리비아,총계,83,,5,,9,,,15,,6,,,,,,3,,,,,1,,2,,,,4,1,,7,1,17,3,,,1,,8
남아메리카주,볼리비아,남성,35,,3,,4,,,7,,2,,,,,,3,,,,,1,,,,,,2,1,,3,,4,2,,,,,3
남아메리카주,볼리비아,여성,48,,2,,5,,,8,,4,,,,,,,,,,,,,2,,,,2,,,4,1,13,1,,,1,,5
남아메리카주,코스타리카,총계,81,20,,,1,1,,14,,4,,2,,,,,,,,,,4,2,,,,1,2,3,1,,12,,,,,,14
남아메리카주,코스타리카,남성,37,11,,,1,,,6,,2,,,,,,,,,,,,2,2,,,,,1,,1,,4,,,,,,7
남아메리카주,코스타리카,여성,44,9,,,,1,,8,,2,,2,,,,,,,,,,2,,,,,1,1,3,,,8,,,,,,7
남아메리카주,파나마,총계,78,3,2,,2,,,15,,6,,1,,,,2,,,1,,1,,4,,,,2,3,1,3,,3,,,,,,29
남아메리카주,파나마,남성,32,1,1,,,,,6,,1,,,,,,1,,,1,,1,,1,,,,,1,1,2,,,,,,,,15
남아메리카주,파나마,여성,46,2,1,,2,,,9,,5,,1,,,,1,,,,,,,3,,,,2,2,,1,,3,,,,,,14
남아메리카주,온두라스,총계,69,,16,,2,,,6,,1,,,,,,2,,,,1,,,3,,1,,5,4,2,,2,9,,,,,,15
남아메리카주,온두라스,남성,31,,12,,1,,,1,,1,,,,,,,,,,1,,,1,,1,,1,3,2,,2,1,,,,,,4
남아메리카주,온두라스,여성,38,,4,,1,,,5,,,,,,,,2,,,,,,,2,,,,4,1,,,,8,,,,,,11
남아메리카주,자메이카,총계,64,16,,,2,,,7,,1,,,,,,1,,,1,1,3,,3,,,,3,1,5,2,2,2,,,,,,14
남아메리카주,자메이카,남성,33,10,,,1,,,1,,,,,,,,1,,,1,1,3,,,,,,3,,2,2,2,1,,,,,,5
남아메리카주,자메이카,여성,31,6,,,1,,,6,,1,,,,,,,,,,,,,3,,,,,1,3,,,1,,,,,,9
남아메리카주,엘살바도르,총계,58,1,,,,,,22,,4,,,,,1,,,,,,,,6,,,,2,2,1,,1,8,,,,,,10
남아메리카주,엘살바도르,남성,16,,,,,,,4,,,,,,,1,,,,,,,,4,,,,1,,,,,2,,,,,,4
남아메리카주,엘살바도르,여성,42,1,,,,,,18,,4,,,,,,,,,,,,,2,,,,1,2,1,,1,6,,,,,,6
남아메리카주,니카라과,총계,46,13,,,,,,3,,,,,,,,,,,,,,,,,,,2,,2,,,12,1,,,,,13
남아메리카주,니카라과,남성,17,7,,,,,,2,,,,,,,,,,,,,,,,,,,,,1,,,,1,,,,,6
남아메리카주,니카라과,여성,29,6,,,,,,1,,,,,,,,,,,,,,,,,,,2,,1,,,12,,,,,,7
남아메리카주,아이티,총계,42,7,,,,,,3,,,,,,,,1,1,,,,,1,,,,,,,,,,,24,,,,,5
남아메리카주,아이티,남성,31,4,,,,,,2,,,,,,,,1,1,,,,,1,,,,,,,,,,,20,,,,,2
남아메리카주,아이티,여성,11,3,,,,,,1,,,,,,,,,,,,,,,,,,,,,,,,,4,,,,,3
남아메리카주,우루과이,총계,38,3,2,,3,,,8,,3,,,,,,,,,,,,,,,,,1,2,,,,8,1,,,,,7
남아메리카주,우루과이,남성,13,1,1,,2,,,2,,,,,,,,,,,,,,,,,,,,1,,,,1,,,,,,5
남아메리카주,우루과이,여성,25,2,1,,1,,,6,,3,,,,,,,,,,,,,,,,,1,1,,,,7,1,,,,,2
남아메리카주,쿠바,총계,34,,,,,,,3,,,,,,,,1,,,1,,,4,1,,,,3,1,3,,,15,,,,,,2
남아메리카주,쿠바,남성,16,,,,,,,1,,,,,,,,,,,1,,,3,,,,,,,,,,9,,,,,,2
남아메리카주,쿠바,여성,18,,,,,,,2,,,,,,,,1,,,,,,1,1,,,,3,1,3,,,6,,,,,,
남아메리카주,트리니다드토바고,총계,25,1,,,3,,,9,,2,,,,1,1,2,1,,,,,,,,,,1,,1,,,,,,,,,3
남아메리카주,트리니다드토바고,남성,6,1,,,1,,,2,,1,,,,,1,,,,,,,,,,,,,,,,,,,,,,,
남아메리카주,트리니다드토바고,여성,19,,,,2,,,7,,1,,,,1,,2,1,,,,,,,,,,1,,1,,,,,,,,,3
남아메리카주,도미니카연방,총계,18,2,,,,,,,,,,,1,,,,,,,,,,,,,,,6,,9,,,,,,,,
남아메리카주,도미니카연방,남성,10,2,,,,,,,,,,,1,,,,,,,,,,,,,,,4,,3,,,,,,,,
남아메리카주,도미니카연방,여성,8,,,,,,,,,,,,,,,,,,,,,,,,,,,2,,6,,,,,,,,
남아메리카주,세인트크리스토퍼네비스,총계,13,,,,,,,,,,,,,1,,,,,,,1,,,,,,,4,,3,2,1,1,,,,,
남아메리카주,세인트크리스토퍼네비스,남성,11,,,,,,,,,,,,,1,,,,,,,1,,,,,,,3,,2,2,1,1,,,,,
남아메리카주,세인트크리스토퍼네비스,여성,2,,,,,,,,,,,,,,,,,,,,,,,,,,,1,,1,,,,,,,,
남아메리카주,벨리즈,총계,7,,,,2,,,2,,,,,,,,,,,1,,,,,,,,,,,,,1,,,,,,1
남아메리카주,벨리즈,남성,4,,,,2,,,2,,,,,,,,,,,,,,,,,,,,,,,,,,,,,,
남아메리카주,벨리즈,여성,3,,,,,,,,,,,,,,,,,,1,,,,,,,,,,,,,1,,,,,,1
남아메리카주,수리남,총계,6,4,,,,,,,,1,,,,,,,,,,,,,,,,,,,,,,1,,,,,,
남아메리카주,수리남,남성,4,3,,,,,,,,1,,,,,,,,,,,,,,,,,,,,,,,,,,,,
남아메리카주,수리남,여성,2,1,,,,,,,,,,,,,,,,,,,,,,,,,,,,,,1,,,,,,
남아메리카주,바베이도스,총계,6,1,,,,,,1,,,,,,,,,,,,,,,,,,,1,,,3,,,,,,,,
남아메리카주,바베이도스,남성,4,,,,,,,1,,,,,,,,,,,,,,,,,,,1,,,2,,,,,,,,
남아메리카주,바베이도스,여성,2,1,,,,,,,,,,,,,,,,,,,,,,,,,,,,1,,,,,,,,
남아메리카주,가이아나,총계,6,,,,,,,1,,2,,,,,,,,,,,,,,,,,,,,,,,,,,,,3
남아메리카주,가이아나,남성,2,,,,,,,1,,,,,,,,,,,,,,,,,,,,,,,,,,,,,,1
남아메리카주,가이아나,여성,4,,,,,,,,,2,,,,,,,,,,,,,,,,,,,,,,,,,,,,2
남아메리카주,바하마,총계,5,1,,,,,,3,,1,,,,,,,,,,,,,,,,,,,,,,,,,,,,
남아메리카주,바하마,여성,5,1,,,,,,3,,1,,,,,,,,,,,,,,,,,,,,,,,,,,,,
남아메리카주,세인트루시아,총계,4,,,,,,,1,,,,,,,,,,,,,,,,,,,,,,1,,1,,,,,,1
남아메리카주,세인트루시아,남성,2,,,,,,,,,,,,,,,,,,,,,,,,,,,,,1,,,,,,,,1
남아메리카주,세인트루시아,여성,2,,,,,,,1,,,,,,,,,,,,,,,,,,,,,,,,1,,,,,,
남아메리카주,앤티카바부다,총계,1,,,,,,,,,,,,,,,,,,,,,,,,,,,,,1,,,,,,,,
남아메리카주,앤티카바부다,여성,1,,,,,,,,,,,,,,,,,,,,,,,,,,,,,1,,,,,,,,
남아메리카주,그레나다,총계,1,1,,,,,,,,,,,,,,,,,,,,,,,,,,,,,,,,,,,,
남아메리카주,그레나다,남성,1,1,,,,,,,,,,,,,,,,,,,,,,,,,,,,,,,,,,,,
유럽주,총계,총계,"76,081","10,891",145,2,"1,335",828,6,"4,682",1,"1,656",17,119,154,740,703,214,392,"1,797",215,46,109,581,"1,345",,25,,"5,638",953,"2,049","27,926","2,027","4,825","3,203",260,"1,125",8,,"2,064"
유럽주,한국계러시아인,총계,"26,144",2,,,36,,,5,,,,,,,,,,,,,,,2,,,,809,32,3,"24,635",508,94,,,12,,,6
유럽주,한국계러시아인,남성,"13,674",2,,,22,,,2,,,,,,,,,,,,,,,1,,,,385,14,1,"12,984",240,11,,,9,,,3
유럽주,한국계러시아인,여성,"12,470",,,,14,,,3,,,,,,,,,,,,,,,1,,,,424,18,2,"11,651",268,83,,,3,,,3
유럽주,러시아(연방),총계,"22,537","9,208",43,1,689,146,1,615,,536,2,10,42,85,73,64,43,40,57,2,21,118,145,,22,,"3,948",392,411,,674,"1,331","3,131",,,2,,685
유럽주,러시아(연방),남성,"11,875","6,202",25,1,428,69,,117,,67,2,7,40,72,68,18,20,5,53,2,21,37,82,,8,,"1,795",138,108,,172,102,"1,871",,,1,,344
유럽주,러시아(연방),여성,"10,662","3,006",18,,261,77,1,498,,469,,3,2,13,5,46,23,35,4,,,81,63,,14,,"2,153",254,303,,502,"1,229","1,260",,,1,,341
유럽주,영국,총계,"5,662",655,6,,3,11,,138,,56,6,5,16,63,81,21,109,"1,426",18,17,9,35,356,,,,37,115,233,812,217,980,4,72,,1,,160
유럽주,영국,남성,"3,488",390,4,,1,11,,46,,22,3,4,15,61,81,11,89,766,18,17,9,23,233,,,,25,80,105,324,188,838,1,37,,,,86
유럽주,영국,여성,"2,174",265,2,,2,,,92,,34,3,1,1,2,,10,20,660,,,,12,123,,,,12,35,128,488,29,142,3,35,,1,,74
유럽주,프랑스,총계,"4,660",251,1,,45,20,2,"1,340",,355,2,10,26,168,154,26,41,39,26,3,5,61,282,,,,12,103,474,240,134,612,1,29,,,,198
유럽주,프랑스,남성,"2,589",125,,,32,20,2,564,,124,2,6,23,152,143,8,33,15,24,3,4,29,194,,,,8,70,190,137,110,451,,9,,,,111
유럽주,프랑스,여성,"2,071",126,1,,13,,,776,,231,,4,3,16,11,18,8,24,2,,1,32,88,,,,4,33,284,103,24,161,1,20,,,,87
유럽주,독일,총계,"3,807",268,2,,102,198,1,738,,115,5,11,23,174,73,17,68,16,26,3,10,27,155,,,,27,53,242,762,155,304,1,16,,,,215
유럽주,독일,남성,"2,049",139,1,,77,192,1,273,,30,2,9,20,162,72,7,57,7,22,3,10,14,100,,,,18,31,82,297,114,224,,4,,,,81
유럽주,독일,여성,"1,758",129,1,,25,6,,465,,85,3,2,3,12,1,10,11,9,4,,,13,55,,,,9,22,160,465,41,80,1,12,,,,134
유럽주,우크라이나,총계,"3,607",1,33,,143,57,,87,,59,,2,,1,17,10,1,2,17,,,167,37,,2,,713,32,54,720,59,157,46,,"1,113",,,77
유럽주,우크라이나,남성,"1,849",1,33,,121,16,,21,,13,,2,,1,16,2,,1,16,,,70,30,,2,,358,13,19,384,24,22,21,,630,,,33
유럽주,우크라이나,여성,"1,758",,,,22,41,,66,,46,,,,,1,8,1,1,1,,,97,7,,,,355,19,35,336,35,135,25,,483,,,44
유럽주,이탈리아,총계,"1,193",64,,,28,83,1,194,,84,,18,24,42,77,4,11,1,10,,13,19,47,,,,3,28,99,57,30,174,,5,,,,77
유럽주,이탈리아,남성,680,38,,,22,76,1,50,,19,,12,24,38,72,1,10,1,9,,13,14,31,,,,3,16,28,20,18,126,,1,,,,37
유럽주,이탈리아,여성,513,26,,,6,7,,144,,65,,6,,4,5,3,1,,1,,,5,16,,,,,12,71,37,12,48,,4,,,,40
유럽주,스페인,총계,"1,085",54,,,11,17,,304,,56,1,10,1,13,8,7,15,21,5,1,3,24,47,,,,6,17,51,138,12,172,,10,,,,81
유럽주,스페인,남성,593,30,,,7,13,,140,,16,1,8,1,13,7,2,8,7,4,1,3,16,34,,,,4,9,17,77,7,117,,3,,,,48
유럽주,스페인,여성,492,24,,,4,4,,164,,40,,2,,,1,5,7,14,1,,,8,13,,,,2,8,34,61,5,55,,7,,,,33
유럽주,네덜란드,총계,697,43,,,21,42,,82,,19,,2,2,25,6,7,9,,4,2,2,16,34,,,,7,16,45,104,16,93,1,53,,3,,43
유럽주,네덜란드,남성,437,29,,,18,38,,37,,10,,,1,24,6,2,8,,4,2,2,12,25,,,,7,12,20,48,13,74,1,19,,1,,24
유럽주,네덜란드,여성,260,14,,,3,4,,45,,9,,2,1,1,,5,1,,,,,4,9,,,,,4,25,56,3,19,,34,,2,,19
유럽주,아일랜드,총계,680,47,,,1,7,,19,,9,,11,1,14,3,3,28,250,2,1,1,1,35,,,,2,12,22,17,36,138,,2,,,,18
유럽주,아일랜드,남성,456,29,,,1,5,,5,,4,,11,1,13,3,2,23,137,2,1,1,1,27,,,,,11,8,11,29,121,,1,,,,9
유럽주,아일랜드,여성,224,18,,,,2,,14,,5,,,,1,,1,5,113,,,,,8,,,,2,1,14,6,7,17,,1,,,,9
유럽주,스웨덴,총계,577,38,,,34,2,,82,,63,,1,4,26,2,1,5,,1,2,1,13,20,,,,4,5,50,95,12,77,,,,,,39
유럽주,스웨덴,남성,290,15,,,22,2,,21,,21,,1,3,22,2,,5,,1,2,1,7,19,,,,4,4,22,43,8,47,,,,,,18
유럽주,스웨덴,여성,287,23,,,12,,,61,,42,,,1,4,,1,,,,,,6,1,,,,,1,28,52,4,30,,,,,,21
유럽주,스위스,총계,515,61,,,20,12,,110,,35,,,3,17,,2,2,,,,4,3,11,,,,7,11,24,91,15,57,,,,,,30
유럽주,스위스,남성,276,27,,,14,11,,61,,12,,,3,14,,1,2,,,,4,2,10,,,,6,6,4,27,10,45,,,,,,17
유럽주,스위스,여성,239,34,,,6,1,,49,,23,,,,3,,1,,,,,,1,1,,,,1,5,20,64,5,12,,,,,,13
유럽주,폴란드,총계,509,31,,1,16,36,,94,,32,,16,1,19,16,7,5,,7,,,15,14,,,,2,12,32,1,13,98,1,2,,,,38
유럽주,폴란드,남성,211,23,,1,15,19,,13,,10,,10,,16,14,3,4,,3,,,5,7,,,,1,5,10,,5,28,,1,,,,18
유럽주,폴란드,여성,298,8,,,1,17,,81,,22,,6,1,3,2,4,1,,4,,,10,7,,,,1,7,22,1,8,70,1,1,,,,20
유럽주,벨기에,총계,481,13,1,,11,8,,90,,21,,2,3,14,11,3,12,,4,2,7,8,22,,,,4,4,43,51,15,48,,48,,,,36
유럽주,벨기에,남성,264,3,1,,9,8,,43,,6,,,3,14,11,2,9,,3,2,7,2,14,,,,1,3,13,31,10,36,,14,,,,19
유럽주,벨기에,여성,217,10,,,2,,,47,,15,,2,,,,1,3,,1,,,6,8,,,,3,1,30,20,5,12,,34,,,,17
유럽주,오스트리아,총계,337,23,,,1,28,,47,,14,,4,1,9,5,1,5,1,3,4,7,4,13,,,,,7,10,64,13,28,,5,,,,40
유럽주,오스트리아,남성,193,13,,,1,26,,17,,1,,2,1,9,5,,5,1,3,4,7,3,10,,,,,3,2,31,9,18,,2,,,,20
유럽주,오스트리아,여성,144,10,,,,2,,30,,13,,2,,,,1,,,,,,1,3,,,,,4,8,33,4,10,,3,,,,20
유럽주,덴마크,총계,306,6,,,6,23,,53,,15,1,,1,15,6,,1,,1,2,1,3,11,,,,2,4,31,46,5,33,,,,,,40
유럽주,덴마크,남성,186,3,,,4,21,,24,,7,1,,1,15,6,,1,,1,2,1,1,8,,,,2,1,11,22,5,24,,,,,,25
유럽주,덴마크,여성,120,3,,,2,2,,29,,8,,,,,,,,,,,,2,3,,,,,3,20,24,,9,,,,,,15
유럽주,그리스,총계,290,10,6,,45,13,,7,,8,,3,2,2,88,,5,,2,2,2,,11,,,,,1,33,7,4,22,1,,,,,16
유럽주,그리스,남성,228,8,6,,44,11,,1,,2,,2,2,2,82,,5,,,2,2,,10,,,,,1,15,5,4,13,1,,,,,10
유럽주,그리스,여성,62,2,,,1,2,,6,,6,,1,,,6,,,,2,,,,1,,,,,,18,2,,9,,,,,,6
유럽주,루마니아,총계,286,19,2,,24,4,,36,1,10,,,,4,29,4,5,,2,,,4,13,,,,6,3,17,1,17,53,,,,,,32
유럽주,루마니아,남성,129,15,2,,22,4,,5,1,1,,,,3,28,,4,,1,,,3,4,,,,2,,5,,7,10,,,,,,12
유럽주,루마니아,여성,157,4,,,2,,,31,,9,,,,1,1,4,1,,1,,,1,9,,,,4,3,12,1,10,43,,,,,,20
유럽주,노르웨이,총계,286,13,,,,8,,51,,27,,,1,21,14,2,1,,1,,,3,3,,,,4,7,22,48,5,25,,,,,,30
유럽주,노르웨이,남성,129,8,,,,8,,8,,6,,,1,20,13,1,1,,1,,,1,2,,,,2,4,9,13,3,19,,,,,,9
유럽주,노르웨이,여성,157,5,,,,,,43,,21,,,,1,1,1,,,,,,2,1,,,,2,3,13,35,2,6,,,,,,21
유럽주,핀란드,총계,269,14,,,3,14,,121,,10,,,3,7,3,1,1,,1,,2,3,7,,,,,2,13,4,10,38,,,,,,12
유럽주,핀란드,남성,123,9,,,1,12,,43,,2,,,3,7,3,,1,,1,,2,3,2,,,,,,4,,7,18,,,,,,5
유럽주,핀란드,여성,146,5,,,2,2,,78,,8,,,,,,1,,,,,,,5,,,,,2,9,4,3,20,,,,,,7
유럽주,벨로루시,총계,263,,,,12,11,,44,,14,,,,1,,4,1,1,8,,,17,6,,,,15,10,15,22,22,40,1,,,,,19
유럽주,벨로루시,남성,82,,,,5,1,,9,,1,,,,1,,1,,,8,,,2,3,,,,5,3,4,15,10,4,1,,,,,9
유럽주,벨로루시,여성,181,,,,7,10,,35,,13,,,,,,3,1,1,,,,15,3,,,,10,7,11,7,12,36,,,,,,10
유럽주,아제르바이잔,총계,210,,,,14,,,61,,15,,,,,1,4,1,,,,,,8,,,,9,25,8,6,7,7,9,,,,,35
유럽주,아제르바이잔,남성,131,,,,14,,,41,,7,,,,,1,2,1,,,,,,7,,,,5,12,2,5,4,3,7,,,,,20
유럽주,아제르바이잔,여성,79,,,,,,,20,,8,,,,,,2,,,,,,,1,,,,4,13,6,1,3,4,2,,,,,15
유럽주,헝가리,총계,204,8,,,5,11,1,38,,14,,2,,,,3,4,,2,,,6,11,,,,,5,16,1,5,39,,5,,,,28
유럽주,헝가리,남성,80,6,,,3,5,,7,,4,,1,,,,1,2,,2,,,1,8,,,,,1,7,,2,13,,3,,,,14
유럽주,헝가리,여성,124,2,,,2,6,1,31,,10,,1,,,,2,2,,,,,5,3,,,,,4,9,1,3,26,,2,,,,14
유럽주,체코,총계,193,15,,,2,21,,51,,12,,4,,2,2,1,1,,1,,10,1,5,,,,2,3,5,1,4,19,,10,,,,21
유럽주,체코,남성,104,9,,,2,20,,18,,3,,3,,2,2,1,,,1,,10,1,5,,,,,1,1,,3,8,,5,,,,9
유럽주,체코,여성,89,6,,,,1,,33,,9,,1,,,,,1,,,,,,,,,,2,2,4,1,1,11,,5,,,,12
유럽주,포르투갈,총계,183,15,,,2,7,,30,,15,,1,,7,8,2,4,,2,,1,10,10,,,,1,7,26,,,28,2,1,,1,,3
유럽주,포르투갈,남성,104,10,,,1,5,,11,,4,,1,,7,6,,2,,2,,1,9,9,,,,1,2,11,,,18,1,,,1,,2
유럽주,포르투갈,여성,79,5,,,1,2,,19,,11,,,,,2,2,2,,,,,1,1,,,,,5,15,,,10,1,1,,,,1
유럽주,불가리아,총계,147,8,,,2,5,,39,,11,,,,1,1,3,4,,,1,5,2,7,,,,2,11,9,,9,21,,,,,,6
유럽주,불가리아,남성,58,5,,,2,4,,7,,5,,,,1,1,,4,,,1,5,2,5,,,,1,3,2,,2,6,,,,,,2
유럽주,불가리아,여성,89,3,,,,1,,32,,6,,,,,,3,,,,,,,2,,,,1,8,7,,7,15,,,,,,4
유럽주,리투아니아,총계,105,1,,,1,12,,51,,3,,2,,1,1,1,,,1,,,2,3,,,,,5,1,1,1,14,,,,1,,3
유럽주,리투아니아,남성,43,1,,,1,3,,21,,2,,1,,1,1,,,,,,,,2,,,,,4,,1,,4,,,,,,1
유럽주,리투아니아,여성,62,,,,,9,,30,,1,,1,,,,1,,,1,,,2,1,,,,,1,1,,1,10,,,,1,,2
유럽주,크로아티아,총계,99,1,10,,15,2,,10,,1,,1,,,17,1,2,,,,2,2,5,,,,,5,6,,1,12,,,,,,6
유럽주,크로아티아,남성,65,,7,,14,1,,2,,,,1,,,16,1,1,,,,2,2,4,,,,,1,1,,1,8,,,,,,3
유럽주,크로아티아,여성,34,1,3,,1,1,,8,,1,,,,,1,,1,,,,,,1,,,,,4,5,,,4,,,,,,3
유럽주,슬로바크,총계,85,7,,,,11,,20,,4,,2,,1,2,2,2,,,,1,2,3,,,,1,5,3,,2,7,,,,,,10
유럽주,슬로바크,남성,39,3,,,,8,,5,,1,,,,1,2,1,2,,,,1,1,2,,,,1,1,,,1,3,,,,,,6
유럽주,슬로바크,여성,46,4,,,,3,,15,,3,,2,,,,1,,,,,,1,1,,,,,4,3,,1,4,,,,,,4
유럽주,조지아,총계,83,,,,16,,,15,,3,,,,1,1,1,,,,,,2,3,,,,2,6,4,,2,4,,,,,,23
유럽주,조지아,남성,32,,,,13,,,2,,1,,,,1,1,,,,,,,1,,,,,1,1,1,,1,,,,,,,9
유럽주,조지아,여성,51,,,,3,,,13,,2,,,,,,1,,,,,,1,3,,,,1,5,3,,1,4,,,,,,14
유럽주,세르비아,총계,76,,4,,3,1,,13,,6,,,,1,,3,2,,1,4,1,7,2,,,,1,1,12,,3,8,,,,,,3
유럽주,세르비아,남성,39,,3,,1,1,,3,,3,,,,1,,,1,,,4,1,7,,,,,,,4,,1,7,,,,,,2
유럽주,세르비아,여성,37,,1,,2,,,10,,3,,,,,,3,1,,1,,,,2,,,,1,1,8,,2,1,,,,,,1
유럽주,영국외지민,총계,73,1,4,,,,,4,,8,,,,,1,3,1,,1,,,,3,,,,1,7,1,1,4,30,,2,,,,1
유럽주,영국외지민,남성,17,1,1,,,,,,,1,,,,,,,1,,1,,,,3,,,,,2,1,,,6,,,,,,
유럽주,영국외지민,여성,56,,3,,,,,4,,7,,,,,1,3,,,,,,,,,,,1,5,,1,4,24,,2,,,,1
유럽주,아르메니아,총계,68,,,,2,,,13,,2,,,,,,,,,8,,,1,1,,,,3,4,13,,10,5,1,,,,,5
유럽주,아르메니아,남성,28,,,,1,,,1,,1,,,,,,,,,8,,,,1,,,,2,,1,,8,,1,,,,,4
유럽주,아르메니아,여성,40,,,,1,,,12,,1,,,,,,,,,,,,1,,,,,1,4,12,,2,5,,,,,,1
유럽주,라트비아,총계,63,1,,,9,2,,4,,4,,,,1,2,1,2,,2,,,,2,,,,,,7,,2,11,1,,,,,12
유럽주,라트비아,남성,25,1,,,8,2,,,,1,,,,,2,,,,1,,,,,,,,,,1,,,3,,,,,,6
유럽주,라트비아,여성,38,,,,1,,,4,,3,,,,1,,1,2,,1,,,,2,,,,,,6,,2,8,1,,,,,6
유럽주,슬로베니아,총계,55,,4,,1,5,,16,,4,,,,4,,,,,1,,1,2,1,,,,,,,,1,12,,,,,,3
유럽주,슬로베니아,남성,32,,4,,1,5,,5,,,,,,4,,,,,1,,1,2,1,,,,,,,,1,6,,,,,,1
유럽주,슬로베니아,여성,23,,,,,,,11,,4,,,,,,,,,,,,,,,,,,,,,,6,,,,,,2
유럽주,몰도바,총계,54,,1,,3,2,,16,,4,,,,,,2,,,,,,,,,1,,8,,2,,2,11,2,,,,,
유럽주,몰도바,남성,17,,1,,3,2,,,,1,,,,,,1,,,,,,,,,1,,3,,2,,2,1,,,,,,
유럽주,몰도바,여성,37,,,,,,,16,,3,,,,,,1,,,,,,,,,,,5,,,,,10,2,,,,,
유럽주,알바니아,총계,51,,23,,3,,,6,,1,,,,,,,,,,,,,2,,,,,1,3,,1,10,,,,,,1
유럽주,알바니아,남성,36,,20,,3,,,3,,,,,,,,,,,,,,,1,,,,,,2,,1,6,,,,,,
유럽주,알바니아,여성,15,,3,,,,,3,,1,,,,,,,,,,,,,1,,,,,1,1,,,4,,,,,,1
유럽주,에스토니아,총계,49,2,,,2,7,,18,,4,,,,,,2,,,,,,,2,,,,,2,1,,,4,,,,,,5
유럽주,에스토니아,남성,14,1,,,1,3,,2,,,,,,,,1,,,,,,,1,,,,,,,,,1,,,,,,4
유럽주,에스토니아,여성,35,1,,,1,4,,16,,4,,,,,,1,,,,,,,1,,,,,2,1,,,3,,,,,,1
유럽주,룩셈부르크,총계,23,2,,,1,,,6,,5,,,,,,,1,,,,,1,2,,,,,,3,1,,1,,,,,,
유럽주,룩셈부르크,남성,5,1,,,,,,,,,,,,,,,1,,,,,,,,,,,,1,1,,1,,,,,,
유럽주,룩셈부르크,여성,18,1,,,1,,,6,,5,,,,,,,,,,,,1,2,,,,,,2,,,,,,,,,
유럽주,몰타,총계,20,9,2,,,,,3,,,,2,,,,,,,,,,,2,,,,,,2,,,,,,,,,
유럽주,몰타,남성,14,8,2,,,,,1,,,,1,,,,,,,,,,,1,,,,,,1,,,,,,,,,
유럽주,몰타,여성,6,1,,,,,,2,,,,1,,,,,,,,,,,1,,,,,,1,,,,,,,,,
유럽주,마케도니아,총계,11,,,,,,,,,,,,,1,,1,,,1,,,,1,,,,,,1,,,4,,,,,,2
유럽주,마케도니아,남성,6,,,,,,,,,,,,,1,,,,,1,,,,1,,,,,,,,,2,,,,,,1
유럽주,마케도니아,여성,5,,,,,,,,,,,,,,,1,,,,,,,,,,,,,1,,,2,,,,,,1
유럽주,아이슬란드,총계,10,,,,,1,,4,,,,,,,,,,,,,,,1,,,,,,,,1,2,,,,,,1
유럽주,아이슬란드,남성,6,,,,,1,,1,,,,,,,,,,,,,,,1,,,,,,,,1,2,,,,,,
유럽주,아이슬란드,여성,4,,,,,,,3,,,,,,,,,,,,,,,,,,,,,,,,,,,,,,1
유럽주,몬테네그로,총계,9,,1,,1,,,2,,1,,,,,1,,,,,,,2,,,,,,,1,,,,,,,,,
유럽주,몬테네그로,남성,5,,1,,1,,,,,,,,,,1,,,,,,,2,,,,,,,,,,,,,,,,
유럽주,몬테네그로,여성,4,,,,,,,2,,1,,,,,,,,,,,,,,,,,,,1,,,,,,,,,
유럽주,보스니아-헤르체고비나,총계,7,,,,,1,,3,,1,,,,,,,,,,,,,,,,,,,,,,1,1,,,,,
유럽주,보스니아-헤르체고비나,남성,3,,,,,1,,1,,,,,,,,,,,,,,,,,,,,,,,,,1,,,,,
유럽주,보스니아-헤르체고비나,여성,4,,,,,,,2,,1,,,,,,,,,,,,,,,,,,,,,,1,,,,,,
유럽주,코소보,총계,4,,,,2,,,,,,,,,,,,,,,,,,,,,,,,1,,,1,,,,,,
유럽주,코소보,남성,3,,,,2,,,,,,,,,,,,,,,,,,,,,,,,,,,1,,,,,,
유럽주,코소보,여성,1,,,,,,,,,,,,,,,,,,,,,,,,,,,,1,,,,,,,,,
유럽주,교황청,총계,2,,,,,,,,,,,,,,,,,,,,,,,,,,,,,,,,,,,,,2
유럽주,교황청,남성,2,,,,,,,,,,,,,,,,,,,,,,,,,,,,,,,,,,,,,2
유럽주,유고슬라비아,총계,1,,,,,,,,,,,,,,,,,,,,,,,,,,,,,,,,,,,,,1
유럽주,유고슬라비아,여성,1,,,,,,,,,,,,,,,,,,,,,,,,,,,,,,,,,,,,,1
유럽주,안도라,총계,1,,,,,,,1,,,,,,,,,,,,,,,,,,,,,,,,,,,,,,
유럽주,안도라,여성,1,,,,,,,1,,,,,,,,,,,,,,,,,,,,,,,,,,,,,,
유럽주,스발바르,총계,1,,,,,,,,,,,,,,,,,,,,,,,,,,,,,,,,,,,,,1
유럽주,스발바르,남성,1,,,,,,,,,,,,,,,,,,,,,,,,,,,,,,,,,,,,,1
유럽주,세르비아몬테네그로,총계,1,,1,,,,,,,,,,,,,,,,,,,,,,,,,,,,,,,,,,,
유럽주,세르비아몬테네그로,남성,1,,1,,,,,,,,,,,,,,,,,,,,,,,,,,,,,,,,,,,
유럽주,산마리노,총계,1,,1,,,,,,,,,,,,,,,,,,,,,,,,,,,,,,,,,,,
유럽주,산마리노,남성,1,,1,,,,,,,,,,,,,,,,,,,,,,,,,,,,,,,,,,,
유럽주,리히텐슈타인,총계,1,,,,,,,1,,,,,,,,,,,,,,,,,,,,,,,,,,,,,,
유럽주,리히텐슈타인,여성,1,,,,,,,1,,,,,,,,,,,,,,,,,,,,,,,,,,,,,,
오세아니아주,총계,총계,"11,266",555,"1,514",,99,6,,48,,49,5,11,16,63,28,7,61,438,15,16,22,20,190,,1,,55,90,220,"6,536",281,589,2,8,,3,,318
오세아니아주,오스트레일리아,총계,"7,554",91,"1,465",,72,6,,28,,28,4,8,12,47,23,5,29,274,13,14,14,17,149,,,,39,58,172,"4,216",170,388,2,6,,3,,201
오세아니아주,오스트레일리아,남성,"3,601",43,711,,37,5,,16,,14,4,4,11,35,23,2,22,118,13,14,13,14,101,,,,24,42,56,"1,752",125,288,2,3,,1,,108
오세아니아주,오스트레일리아,여성,"3,953",48,754,,35,1,,12,,14,,4,1,12,,3,7,156,,,1,3,48,,,,15,16,116,"2,464",45,100,,3,,2,,93
오세아니아주,뉴질랜드,총계,"3,523",464,5,,16,,,8,,6,1,3,4,15,5,2,31,164,2,2,8,1,40,,,,12,27,46,"2,288",111,193,,2,,,,67
오세아니아주,뉴질랜드,남성,"1,960",221,2,,11,,,6,,4,1,2,3,13,5,,21,83,2,2,8,1,19,,,,5,17,23,"1,212",93,166,,1,,,,39
오세아니아주,뉴질랜드,여성,"1,563",243,3,,5,,,2,,2,,1,1,2,,2,10,81,,,,,21,,,,7,10,23,"1,076",18,27,,1,,,,28
오세아니아주,피지,총계,83,,6,,5,,,8,,8,,,,,,,1,,,,,2,1,,,,2,1,,25,,5,,,,,,19
오세아니아주,피지,남성,49,,4,,4,,,4,,4,,,,,,,,,,,,2,1,,,,1,,,15,,2,,,,,,12
오세아니아주,피지,여성,34,,2,,1,,,4,,4,,,,,,,1,,,,,,,,,,1,1,,10,,3,,,,,,7
오세아니아주,키리바시,총계,23,,15,,,,,,,7,,,,,,,,,,,,,,,,,,,,,,,,,,,,1
오세아니아주,키리바시,남성,23,,15,,,,,,,7,,,,,,,,,,,,,,,,,,,,,,,,,,,,1
오세아니아주,미이크로네시아,총계,15,,3,,2,,,,,,,,,,,,,,,,,,,,,,,,,,,,,,,,,10
오세아니아주,미이크로네시아,남성,4,,,,,,,,,,,,,,,,,,,,,,,,,,,,,,,,,,,,,4
오세아니아주,미이크로네시아,여성,11,,3,,2,,,,,,,,,,,,,,,,,,,,,,,,,,,,,,,,,6
오세아니아주,파푸아뉴기니,총계,13,,2,,3,,,1,,,,,,,,,,,,,,,,,,,,,1,,,,,,,,,6
오세아니아주,파푸아뉴기니,남성,8,,2,,2,,,,,,,,,,,,,,,,,,,,,,,,,,,,,,,,,4
오세아니아주,파푸아뉴기니,여성,5,,,,1,,,1,,,,,,,,,,,,,,,,,,,,,1,,,,,,,,,2
오세아니아주,마샬군도,총계,13,,7,,1,,,,,,,,,,,,,,,,,,,,,,,,,,,,,,,,,5
오세아니아주,마샬군도,남성,9,,6,,1,,,,,,,,,,,,,,,,,,,,,,,,,,,,,,,,,2
오세아니아주,마샬군도,여성,4,,1,,,,,,,,,,,,,,,,,,,,,,,,,,,,,,,,,,,3
오세아니아주,바누아투,총계,10,,,,,,,1,,,,,,,,,,,,,,,,,,,1,4,,3,,,,,,,,1
오세아니아주,바누아투,남성,9,,,,,,,1,,,,,,,,,,,,,,,,,,,,4,,3,,,,,,,,1
오세아니아주,바누아투,여성,1,,,,,,,,,,,,,,,,,,,,,,,,,,1,,,,,,,,,,,
오세아니아주,팔라우,총계,9,,,,,,,,,,,,,,,,,,,,,,,,,,1,,,,,2,,,,,,6
오세아니아주,팔라우,남성,3,,,,,,,,,,,,,,,,,,,,,,,,,,,,,,,2,,,,,,1
오세아니아주,팔라우,여성,6,,,,,,,,,,,,,,,,,,,,,,,,,,1,,,,,,,,,,,5
오세아니아주,통가,총계,6,,3,,,,,,,,,,,,,,,,,,,,,,,,,,1,1,,,,,,,,1
오세아니아주,통가,남성,4,,2,,,,,,,,,,,,,,,,,,,,,,,,,,1,1,,,,,,,,
오세아니아주,통가,여성,2,,1,,,,,,,,,,,,,,,,,,,,,,,,,,,,,,,,,,,1
오세아니아주,솔로몬군도,총계,6,,,,,,,1,,,,,,,,,,,,,,,,,,,,,,3,,1,,,,,,1
오세아니아주,솔로몬군도,남성,2,,,,,,,,,,,,,,,,,,,,,,,,,,,,,2,,,,,,,,
오세아니아주,솔로몬군도,여성,4,,,,,,,1,,,,,,,,,,,,,,,,,,,,,,1,,1,,,,,,1
오세아니아주,사모아,총계,5,,5,,,,,,,,,,,,,,,,,,,,,,,,,,,,,,,,,,,
오세아니아주,사모아,남성,4,,4,,,,,,,,,,,,,,,,,,,,,,,,,,,,,,,,,,,
오세아니아주,사모아,여성,1,,1,,,,,,,,,,,,,,,,,,,,,,,,,,,,,,,,,,,
오세아니아주,나우루,총계,5,,3,,,,,,,,,,,1,,,,,,,,,,,1,,,,,,,,,,,,,
오세아니아주,나우루,남성,4,,2,,,,,,,,,,,1,,,,,,,,,,,1,,,,,,,,,,,,,
오세아니아주,나우루,여성,1,,1,,,,,,,,,,,,,,,,,,,,,,,,,,,,,,,,,,,
오세아니아주,투발루,총계,1,,,,,,,1,,,,,,,,,,,,,,,,,,,,,,,,,,,,,,
오세아니아주,투발루,남성,1,,,,,,,1,,,,,,,,,,,,,,,,,,,,,,,,,,,,,,
아프리카주,총계,총계,"19,018",170,417,,"1,123",7,,"2,269",,408,,44,8,286,220,391,92,"1,607",147,3,5,47,237,,72,,218,538,"1,293",19,128,948,"6,061",,,,,"2,260"
아프리카주,이집트,총계,"2,823",3,240,,59,3,,100,,35,,1,,46,43,4,14,1,26,,,1,24,,1,,19,57,196,,12,105,"1,707",,,,,126
아프리카주,이집트,남성,"2,427",2,230,,56,3,,50,,7,,1,,43,43,2,10,,24,,,1,19,,1,,10,36,85,,10,87,"1,601",,,,,106
아프리카주,이집트,여성,396,1,10,,3,,,50,,28,,,,3,,2,4,1,2,,,,5,,,,9,21,111,,2,18,106,,,,,20
아프리카주,나이지리아,총계,"2,710",,6,,292,,,263,,31,,8,1,95,120,51,5,,14,,,4,12,,28,,17,17,365,,26,146,762,,,,,447
아프리카주,나이지리아,남성,"2,219",,6,,274,,,208,,20,,7,1,84,112,37,5,,13,,,4,9,,26,,9,12,152,,26,145,702,,,,,367
아프리카주,나이지리아,여성,491,,,,18,,,55,,11,,1,,11,8,14,,,1,,,,3,,2,,8,5,213,,,1,60,,,,,80
아프리카주,남아프리카공화국,총계,"2,430",,72,,17,,,15,,5,,3,1,6,2,13,41,"1,604",,2,2,10,52,,1,,5,26,129,11,24,151,163,,,,,75
아프리카주,남아프리카공화국,남성,"1,140",,56,,15,,,5,,1,,3,1,6,2,6,24,582,,2,2,7,26,,1,,3,17,56,7,22,117,137,,,,,42
아프리카주,남아프리카공화국,여성,"1,290",,16,,2,,,10,,4,,,,,,7,17,"1,022",,,,3,26,,,,2,9,73,4,2,34,26,,,,,33
아프리카주,가나,총계,"1,399",,3,,282,1,,219,,26,,4,,15,14,82,7,,19,,,3,18,,34,,44,7,59,,3,22,366,,,,,171
아프리카주,가나,남성,"1,192",,2,,269,1,,186,,17,,4,,13,13,71,7,,16,,,3,15,,33,,34,4,24,,1,21,330,,,,,128
아프리카주,가나,여성,207,,1,,13,,,33,,9,,,,2,1,11,,,3,,,,3,,1,,10,3,35,,2,1,36,,,,,43
아프리카주,모로코,총계,"1,390",99,,,,1,,118,,83,,,,3,3,6,3,1,4,,,6,20,,1,,19,15,18,,17,311,601,,,,,61
아프리카주,모로코,남성,758,74,,,,1,,25,,16,,,,1,3,2,1,,2,,,2,10,,1,,5,4,4,,13,90,472,,,,,32
아프리카주,모로코,여성,632,25,,,,,,93,,67,,,,2,,4,2,1,2,,,4,10,,,,14,11,14,,4,221,129,,,,,29
아프리카주,에티오피아,총계,"1,021",,1,,17,,,274,,24,,3,2,2,,11,6,,36,,,,17,,,,26,154,70,,13,22,171,,,,,172
아프리카주,에티오피아,남성,668,,1,,13,,,224,,16,,3,2,2,,6,6,,33,,,,15,,,,9,93,19,,11,6,111,,,,,98
아프리카주,에티오피아,여성,353,,,,4,,,50,,8,,,,,,5,,,3,,,,2,,,,17,61,51,,2,16,60,,,,,74
아프리카주,카메룬,총계,889,,8,,19,,,221,,18,,,,1,,84,2,,7,,,,7,,,,11,30,88,,2,14,184,,,,,193
아프리카주,카메룬,남성,590,,7,,13,,,154,,13,,,,1,,64,1,,6,,,,7,,,,4,18,26,,2,10,129,,,,,135
아프리카주,카메룬,여성,299,,1,,6,,,67,,5,,,,,,20,1,,1,,,,,,,,7,12,62,,,4,55,,,,,58
아프리카주,리비아,총계,693,,,,204,,,11,,2,,1,,98,14,3,,,1,,,2,,,,,2,13,176,,2,3,68,,,,,93
아프리카주,리비아,남성,527,,,,196,,,6,,2,,1,,97,13,3,,,,,,1,,,,,,8,78,,2,3,67,,,,,50
아프리카주,리비아,여성,166,,,,8,,,5,,,,,,1,1,,,,1,,,1,,,,,2,5,98,,,,1,,,,,43
아프리카주,라이베리아,총계,532,27,3,,6,,,22,,1,,1,,,,7,,,,,,,1,,,,,6,5,,1,4,329,,,,,119
아프리카주,라이베리아,남성,394,22,3,,4,,,16,,1,,1,,,,6,,,,,,,1,,,,,4,3,,1,3,244,,,,,85
아프리카주,라이베리아,여성,138,5,,,2,,,6,,,,,,,,1,,,,,,,,,,,,2,2,,,1,85,,,,,34
아프리카주,우간다,총계,516,,1,,28,1,,124,,31,,,,1,,26,2,,7,,,1,5,,,,4,21,14,1,,18,159,,,,,72
아프리카주,우간다,남성,336,,1,,11,1,,77,,21,,,,1,,17,1,,5,,,1,4,,,,2,12,5,1,,17,119,,,,,40
아프리카주,우간다,여성,180,,,,17,,,47,,10,,,,,,9,1,,2,,,,1,,,,2,9,9,,,1,40,,,,,32
아프리카주,알제리,총계,477,,12,,29,,,34,,12,,,,1,1,3,,,7,,,,6,,1,,1,6,4,,7,34,287,,,,,32
아프리카주,알제리,남성,376,,12,,22,,,12,,3,,,,1,1,,,,6,,,,6,,1,,,3,,,4,8,274,,,,,23
아프리카주,알제리,여성,101,,,,7,,,22,,9,,,,,,3,,,1,,,,,,,,1,3,4,,3,26,13,,,,,9
아프리카주,케냐,총계,400,,1,,8,,,127,,23,,2,,2,1,22,1,,2,,,3,10,,,,8,12,36,3,1,10,52,,,,,76
아프리카주,케냐,남성,240,,1,,6,,,82,,12,,2,,2,,18,1,,2,,,1,7,,,,2,7,24,3,1,6,33,,,,,30
아프리카주,케냐,여성,160,,,,2,,,45,,11,,,,,1,4,,,,,,2,3,,,,6,5,12,,,4,19,,,,,46
아프리카주,세네갈,총계,339,,1,,11,,,17,,5,,,,,,2,1,,,,,2,4,,,,2,1,2,,,8,226,,,,,57
아프리카주,세네갈,남성,294,,1,,10,,,8,,3,,,,,,1,1,,,,,1,3,,,,1,1,2,,,8,212,,,,,42
아프리카주,세네갈,여성,45,,,,1,,,9,,2,,,,,,1,,,,,,1,1,,,,1,,,,,,14,,,,,15
아프리카주,튀니지,총계,333,39,1,,11,1,,35,,12,,,,1,3,1,2,,7,1,,1,3,,,,1,5,11,,4,33,134,,,,,27
아프리카주,튀니지,남성,220,32,,,8,1,,14,,3,,,,,3,1,1,,3,1,,,2,,,,,1,4,,3,13,113,,,,,17
아프리카주,튀니지,여성,113,7,1,,3,,,21,,9,,,,1,,,1,,4,,,1,1,,,,1,4,7,,1,20,21,,,,,10
아프리카주,수단,총계,291,,1,,29,,,38,,5,,,,10,2,1,1,1,2,,,,12,,,,3,31,24,,2,2,70,,,,,57
아프리카주,수단,남성,216,,1,,28,,,20,,4,,,,10,1,1,1,,2,,,,11,,,,2,22,9,,2,2,67,,,,,33
아프리카주,수단,여성,75,,,,1,,,18,,1,,,,,1,,,1,,,,,1,,,,1,9,15,,,,3,,,,,24
아프리카주,기니,총계,274,,3,,5,,,14,,4,,1,,,,7,,,,,,,,,,,6,4,4,,,3,167,,,,,56
아프리카주,기니,남성,221,,3,,5,,,11,,3,,1,,,,4,,,,,,,,,,,2,3,3,,,3,146,,,,,37
아프리카주,기니,여성,53,,,,,,,3,,1,,,,,,3,,,,,,,,,,,4,1,1,,,,21,,,,,19
아프리카주,르완다,총계,258,,,,3,,,148,,10,,,,,,12,1,,4,,,3,3,,,,8,7,12,,1,,27,,,,,19
아프리카주,르완다,남성,164,,,,2,,,94,,7,,,,,,8,1,,4,,,3,3,,,,4,4,4,,,,18,,,,,12
아프리카주,르완다,여성,94,,,,1,,,54,,3,,,,,,4,,,,,,,,,,,4,3,8,,1,,9,,,,,7
아프리카주,탄자니아,총계,255,,1,,12,,,116,,12,,3,,,,9,,,2,,,,6,,,,6,5,4,,1,10,57,,,,,11
아프리카주,탄자니아,남성,184,,1,,9,,,81,,7,,2,,,,6,,,2,,,,3,,,,3,4,3,,,9,46,,,,,8
아프리카주,탄자니아,여성,71,,,,3,,,35,,5,,1,,,,3,,,,,,,3,,,,3,1,1,,1,1,11,,,,,3
아프리카주,콩고민주공화국,총계,243,,,,4,,,51,,11,,2,,,,8,1,,3,,,,8,,1,,7,39,16,,2,3,52,,,,,35
아프리카주,콩고민주공화국,남성,161,,,,2,,,40,,9,,2,,,,6,1,,2,,,,6,,1,,3,22,5,,2,3,35,,,,,22
아프리카주,콩고민주공화국,여성,82,,,,2,,,11,,2,,,,,,2,,,1,,,,2,,,,4,17,11,,,,17,,,,,13
아프리카주,말리,총계,217,,3,,7,,,31,,8,,,,3,,2,,,,,,1,,,,,,7,4,,,8,109,,,,,34
아프리카주,말리,남성,200,,3,,6,,,27,,8,,,,3,,2,,,,,,1,,,,,,5,1,,,8,104,,,,,32
아프리카주,말리,여성,17,,,,1,,,4,,,,,,,,,,,,,,,,,,,,2,3,,,,5,,,,,2
아프리카주,코트디부아르,총계,207,,3,,22,,,24,,4,,,,,,3,,,,,,3,2,,1,,4,9,,,,5,59,,,,,68
아프리카주,코트디부아르,남성,141,,3,,20,,,18,,4,,,,,,3,,,,,,,2,,,,2,3,,,,4,42,,,,,40
아프리카주,코트디부아르,여성,66,,,,2,,,6,,,,,,,,,,,,,,3,,,1,,2,6,,,,1,17,,,,,28
아프리카주,앙골라,총계,145,,3,,3,,,10,,7,,,,1,,6,,,,,,,2,,,,2,2,3,,,4,52,,,,,50
아프리카주,앙골라,남성,104,,3,,3,,,6,,5,,,,1,,4,,,,,,,2,,,,2,2,2,,,3,45,,,,,26
아프리카주,앙골라,여성,41,,,,,,,4,,2,,,,,,2,,,,,,,,,,,,,1,,,1,7,,,,,24
아프리카주,감비아,총계,143,,2,,2,,,14,,1,,,,,1,2,,,,,,1,,,,,,1,1,,,1,93,,,,,24
아프리카주,감비아,남성,134,,2,,2,,,12,,1,,,,,1,1,,,,,,1,,,,,,1,,,,1,91,,,,,21
아프리카주,감비아,여성,9,,,,,,,2,,,,,,,,1,,,,,,,,,,,,,1,,,,2,,,,,3
아프리카주,부룬디,총계,130,,,,,,,44,,4,,,,,,9,1,,1,,,,3,,,,2,30,8,,,1,26,,,,,1
아프리카주,부룬디,남성,81,,,,,,,30,,3,,,,,,8,1,,1,,,,2,,,,,13,4,,,,19,,,,,
아프리카주,부룬디,여성,49,,,,,,,14,,1,,,,,,1,,,,,,,1,,,,2,17,4,,,1,7,,,,,1
아프리카주,짐바브웨,총계,110,,10,,11,,,20,,2,,,,,1,7,1,,4,,,2,5,,1,,1,1,15,1,1,1,10,,,,,16
아프리카주,짐바브웨,남성,61,,10,,9,,,11,,,,,,,1,3,1,,3,,,2,4,,1,,,,4,1,1,,3,,,,,7
아프리카주,짐바브웨,여성,49,,,,2,,,9,,2,,,,,,4,,,1,,,,1,,,,1,1,11,,,1,7,,,,,9
아프리카주,잠비아,총계,101,,2,,4,,,26,,4,,8,,,,2,1,,,,,,1,,,,7,1,4,,1,1,,,,,,39
아프리카주,잠비아,남성,50,,1,,2,,,17,,1,,6,,,,2,1,,,,,,1,,,,1,,,,1,,,,,,,17
아프리카주,잠비아,여성,51,,1,,2,,,9,,3,,2,,,,,,,,,,,,,,,6,1,4,,,1,,,,,,22
아프리카주,시에라리온,총계,88,,3,,3,,,8,,,,,,,,,1,,,,,,1,,,,7,,6,,,2,24,,,,,33
아프리카주,시에라리온,남성,61,,3,,3,,,7,,,,,,,,,1,,,,,,1,,,,3,,2,,,2,17,,,,,22
아프리카주,시에라리온,여성,27,,,,,,,1,,,,,,,,,,,,,,,,,,,4,,4,,,,7,,,,,11
아프리카주,가봉,총계,82,,1,,2,,,28,,11,,,,,,1,,,,,,,2,,,,,5,,1,4,,4,,,,,23
아프리카주,가봉,남성,45,,,,,,,18,,4,,,,,,,,,,,,,2,,,,,4,,1,2,,3,,,,,11
아프리카주,가봉,여성,37,,1,,2,,,10,,7,,,,,,1,,,,,,,,,,,,1,,,2,,1,,,,,12
아프리카주,모잠비크,총계,61,,1,,3,,,10,,2,,1,4,,14,,,,,,,,1,,,,1,,6,,,5,12,,,,,1
아프리카주,모잠비크,남성,44,,1,,2,,,6,,,,1,4,,12,,,,,,,,,,,,,,2,,,4,11,,,,,1
아프리카주,모잠비크,여성,17,,,,1,,,4,,2,,,,,2,,,,,,,,1,,,,1,,4,,,1,1,,,,,
아프리카주,부르키나파소,총계,53,,1,,3,,,7,,3,,1,,,,1,,,,,,1,,,1,,,1,1,,,3,17,,,,,13
아프리카주,부르키나파소,남성,43,,1,,3,,,3,,3,,1,,,,,,,,,,1,,,1,,,1,1,,,3,14,,,,,11
아프리카주,부르키나파소,여성,10,,,,,,,4,,,,,,,,1,,,,,,,,,,,,,,,,,3,,,,,2
아프리카주,토고,총계,49,,3,,2,,,8,,,,,,,,1,,,,,,,,,,,,2,1,,1,1,23,,,,,7
아프리카주,토고,남성,37,,1,,2,,,7,,,,,,,,1,,,,,,,,,,,,2,1,,1,1,20,,,,,1
아프리카주,토고,여성,12,,2,,,,,1,,,,,,,,,,,,,,,,,,,,,,,,,3,,,,,6
아프리카주,콩고,총계,33,,1,,7,,,1,,1,,,,,1,,,,,,,,,,,,2,2,,,,1,14,,,,,3
아프리카주,콩고,남성,27,,1,,7,,,,,1,,,,,1,,,,,,,,,,,,1,1,,,,1,13,,,,,1
아프리카주,콩고,여성,6,,,,,,,1,,,,,,,,,,,,,,,,,,,1,1,,,,,1,,,,,2
아프리카주,말라위,총계,33,,2,,,,,17,,1,,1,,,,,,,,,,,,,2,,1,1,,,,,,,,,,8
아프리카주,말라위,남성,19,,2,,,,,10,,,,1,,,,,,,,,,,,,2,,,,,,,,,,,,,4
아프리카주,말라위,여성,14,,,,,,,7,,1,,,,,,,,,,,,,,,,,1,1,,,,,,,,,,4
아프리카주,마다가스카르,총계,30,,1,,2,,,9,,3,,2,,,,,,,,,,,,,,,1,2,4,,,5,,,,,,1
아프리카주,마다가스카르,남성,7,,,,1,,,1,,1,,2,,,,,,,,,,,,,,,,,2,,,,,,,,,
아프리카주,마다가스카르,여성,23,,1,,1,,,8,,2,,,,,,,,,,,,,,,,,1,2,2,,,5,,,,,,1
아프리카주,베냉,총계,26,1,5,,,,,8,,,,,,,,,1,,1,,,,,,,,,,1,,1,1,2,,,,,5
아프리카주,베냉,남성,23,1,4,,,,,8,,,,,,,,,1,,1,,,,,,,,,,1,,1,1,2,,,,,3
아프리카주,베냉,여성,3,,1,,,,,,,,,,,,,,,,,,,,,,,,,,,,,,,,,,,2
아프리카주,남수단공화국,총계,26,,,,,,,12,,,,,,,,,,,,,2,2,,,,,,1,1,,,,5,,,,,3
아프리카주,남수단공화국,남성,23,,,,,,,11,,,,,,,,,,,,,2,2,,,,,,1,,,,,5,,,,,2
아프리카주,남수단공화국,여성,3,,,,,,,1,,,,,,,,,,,,,,,,,,,,,1,,,,,,,,,1
아프리카주,소말리아,총계,24,1,2,,,,,10,,2,,,,,,1,,,,,,,3,,,,,2,,,,,3,,,,,
아프리카주,소말리아,남성,20,1,2,,,,,7,,2,,,,,,,,,,,,,3,,,,,2,,,,,3,,,,,
아프리카주,소말리아,여성,4,,,,,,,3,,,,,,,,1,,,,,,,,,,,,,,,,,,,,,,
아프리카주,모리셔스,총계,23,,8,,,,,4,,1,,,,1,,,,,,,,,2,,,,,,2,,1,,,,,,,4
아프리카주,모리셔스,남성,11,,4,,,,,1,,,,,,1,,,,,,,,,1,,,,,,1,,,,,,,,,3
아프리카주,모리셔스,여성,12,,4,,,,,3,,1,,,,,,,,,,,,,1,,,,,,1,,1,,,,,,,1
아프리카주,기니비사우,총계,23,,1,,2,,,1,,,,,,,,1,,,,,,,,,,,1,,,,,1,15,,,,,1
아프리카주,기니비사우,남성,19,,,,2,,,,,,,,,,,1,,,,,,,,,,,,,,,,1,15,,,,,
아프리카주,기니비사우,여성,4,,1,,,,,1,,,,,,,,,,,,,,,,,,,1,,,,,,,,,,,1
아프리카주,에스와티니,총계,20,,4,,,,,5,,,,1,,,,,,,,,,,1,,,,,,2,2,,,3,,,,,2
아프리카주,에스와티니,남성,13,,4,,,,,2,,,,1,,,,,,,,,,,,,,,,,,1,,,3,,,,,2
아프리카주,에스와티니,여성,7,,,,,,,3,,,,,,,,,,,,,,,1,,,,,,2,1,,,,,,,,
아프리카주,보츠와나,총계,20,,,,1,,,6,,2,,,,,,1,,,,,,,1,,,,,3,,,1,1,,,,,,4
아프리카주,보츠와나,남성,9,,,,1,,,2,,1,,,,,,,,,,,,,,,,,,2,,,1,,,,,,,2
아프리카주,보츠와나,여성,11,,,,,,,4,,1,,,,,,1,,,,,,,1,,,,,1,,,,1,,,,,,2
아프리카주,에리트레아,총계,16,,1,,1,,,,,,,,,,,,,,,,,,,,,,,9,,,,1,1,,,,,3
아프리카주,에리트레아,남성,10,,1,,1,,,,,,,,,,,,,,,,,,,,,,,5,,,,,1,,,,,2
아프리카주,에리트레아,여성,6,,,,,,,,,,,,,,,,,,,,,,,,,,,4,,,,1,,,,,,1
아프리카주,차드,총계,12,,,,,,,6,,,,,,,,,,,,,,,,,,,,1,,,,3,1,,,,,1
아프리카주,차드,남성,11,,,,,,,5,,,,,,,,,,,,,,,,,,,,1,,,,3,1,,,,,1
아프리카주,차드,여성,1,,,,,,,1,,,,,,,,,,,,,,,,,,,,,,,,,,,,,,
아프리카주,모리타니,총계,12,,,,1,,,3,,,,,,,,,,,,,,,3,,,,,,,,,,1,,,,,4
아프리카주,모리타니,남성,10,,,,1,,,2,,,,,,,,,,,,,,,3,,,,,,,,,,1,,,,,3
아프리카주,모리타니,여성,2,,,,,,,1,,,,,,,,,,,,,,,,,,,,,,,,,,,,,,1
아프리카주,적도기니,총계,11,,,,2,,,3,,2,,,,,,,,,,,,,,,,,,,,,,,2,,,,,2
아프리카주,적도기니,남성,8,,,,1,,,3,,1,,,,,,,,,,,,,,,,,,,,,,,2,,,,,1
아프리카주,적도기니,여성,3,,,,1,,,,,1,,,,,,,,,,,,,,,,,,,,,,,,,,,,1
아프리카주,중앙아프리카공화국,총계,10,,1,,1,,,2,,,,1,,,,1,,,,,,,1,,,,,1,,,,,,,,,,2
아프리카주,중앙아프리카공화국,남성,8,,,,1,,,2,,,,1,,,,1,,,,,,,1,,,,,1,,,,,,,,,,1
아프리카주,중앙아프리카공화국,여성,2,,1,,,,,,,,,,,,,,,,,,,,,,,,,,,,,,,,,,,1
아프리카주,니제르,총계,10,,1,,2,,,1,,,,,,,,,,,,,,,,,,,,1,,,,2,1,,,,,2
아프리카주,니제르,남성,9,,1,,2,,,1,,,,,,,,,,,,,,,,,,,,1,,,,1,1,,,,,2
아프리카주,니제르,여성,1,,,,,,,,,,,,,,,,,,,,,,,,,,,,,,,1,,,,,,
아프리카주,자이르,총계,7,,3,,2,,,,,,,,,,,,,,,,,,,,,,,,,,,,,,,,,2
아프리카주,자이르,남성,5,,3,,2,,,,,,,,,,,,,,,,,,,,,,,,,,,,,,,,,
아프리카주,자이르,여성,2,,,,,,,,,,,,,,,,,,,,,,,,,,,,,,,,,,,,,2
아프리카주,지부티,총계,5,,1,,,,,1,,,,,,,,,,,,,,,1,,,,,,,,,,,,,,,2
아프리카주,지부티,남성,3,,1,,,,,,,,,,,,,,,,,,,,,,,,,,,,,,,,,,,2
아프리카주,지부티,여성,2,,,,,,,1,,,,,,,,,,,,,,,1,,,,,,,,,,,,,,,
아프리카주,레소토,총계,5,,,,1,,,3,,,,,,,,1,,,,,,,,,,,,,,,,,,,,,,
아프리카주,레소토,남성,3,,,,1,,,1,,,,,,,,1,,,,,,,,,,,,,,,,,,,,,,
아프리카주,레소토,여성,2,,,,,,,2,,,,,,,,,,,,,,,,,,,,,,,,,,,,,,
아프리카주,나미비아,총계,5,,,,2,,,,,,,,,,,,,,,,1,1,,,,,,,,,,1,,,,,,
아프리카주,나미비아,남성,1,,,,,,,,,,,,,,,,,,,,1,,,,,,,,,,,,,,,,,
아프리카주,나미비아,여성,4,,,,2,,,,,,,,,,,,,,,,,1,,,,,,,,,,1,,,,,,
아프리카주,세이셸,총계,4,,,,1,,,,,,,,,,,,,,,,,,,,,,,,1,,,,2,,,,,
아프리카주,세이셸,남성,2,,,,,,,,,,,,,,,,,,,,,,,,,,,,,,,,2,,,,,
아프리카주,세이셸,여성,2,,,,1,,,,,,,,,,,,,,,,,,,,,,,,1,,,,,,,,,
아프리카주,상투메프린시페,총계,2,,,,,,,,,,,,,,,,,,,,,,,,,,,,,,,,,,,,,2
아프리카주,상투메프린시페,남성,2,,,,,,,,,,,,,,,,,,,,,,,,,,,,,,,,,,,,,2
아프리카주,코모로,총계,1,,,,,,,,,,,,,,,,,,,,,,,,,,,,,,,1,,,,,,
아프리카주,코모로,남성,1,,,,,,,,,,,,,,,,,,,,,,,,,,,,,,,1,,,,,,
아프리카주,카보베르데,총계,1,,,,,,,,,,,,,,,,,,,,,,,,,,,,,,,,,,,,,1
아프리카주,카보베르데,남성,1,,,,,,,,,,,,,,,,,,,,,,,,,,,,,,,,,,,,,1
기타,총계,총계,255,,14,,25,,,13,,,,1,,,,1,,,,,,,,,,,79,19,,23,5,18,6,,,,,51
